keyword,category,intent
aiops bridge for enterprise,Enterprise,Information
best aiops tools 2024,Tools,Commercial
how ai improves it operations,Basics,Information
predictive maintenance with aiops,Maintenance,Information
automated incident response tools,Incident Management,Commercial
ai-driven network monitoring,Networking,Information
machine learning for itops,AI/ML,Information
aiops vs devops differences,Comparison,Information
real-time data analysis in aiops,Data,Information
cloud infrastructure automation tools,Cloud,Commercial
anomaly detection with machine learning,Security,Information
self-healing systems in it,Automation,Information
ai-driven-network-monitoring,Networking,Information
ai-powered-log-analysis,Data,Information
future-of-ai-in-it-operations,Future,Information
reducing-mean-time-to-repair-with-ai,Operations,Information
top-aiops-platforms-for-scaling,Platforms,Commercial
aiops-for-hybrid-cloud-management,Cloud,Information
digital-transformation-with-aiops,Business,Information
cost-optimization-using-aiops,Finance,Information
ai-enhanced-security-operations,Security,Information
performance-monitoring-with-aiops,Monitoring,Information
aiops-for-ecommerce-stability,E-commerce,Information
integrating-aiops-into-existing-workflows,Implementation,Information
benefits-of-aiops-for-businesses,Business,Information
aiops-implementation-strategy,Strategy,Information
automated-root-cause-analysis,Incident Management,Information
ai-driven-capacity-planning,Operations,Information
open-source-aiops-tools,Open Source,Commercial
monitoring-microservices-with-aiops,Microservices,Information
aiops-for-financial-services,Finance,Information
aiops-for-healthcare-data-management,Healthcare,Information
aiops-for-retail-industry,Retail,Information
aiops-for-manufacturing-automation,Manufacturing,Information
aiops-for-logistics-and-supply-chain,Logistics,Information
aiops-for-telecommunications,Telecom,Information
aiops-for-energy-sector,Energy,Information
aiops-for-government-agencies,Government,Information
aiops-for-educational-institutions,Education,Information
aiops-for-non-profit-organizations,Non-profit,Information
aiops-for-media-and-entertainment,Media,Information
aiops-for-real-estate-management,Real Estate,Information
aiops-for-legal-services,Legal,Information
aiops-for-startups,Startups,Information
aiops-for-hospitality-industry,Hospitality,Information
aiops-for-saas-companies,SaaS,Information
enterprise-aiops-adoption-trends,Enterprise,Information
scaling-it-operations-with-ai,Automation,Information
improving-system-reliability-with-ai,Operations,Information
automated-testing-with-aiops,Testing,Information
ai-powered-disaster-recovery,Security,Information
ai-driven-threat-detection,Security,Information
ai-powered-incident-management,Incident Management,Information
automated-root-cause-analysis,Incident Management,Information
smart-alerting-systems-with-ai,Monitoring,Information
proactive-it-support-with-aiops,Support,Information
ai-powered-infrastructure-as-code,Automation,Information
ai-powered-backup-solutions,Security,Information
ai-powered-network-security,Security,Information
ai-powered-identity-and-access-management,Security,Information
ai-powered-fraud-detection,Security,Information
automated-compliance-checking-with-ai,Compliance,Information
automated-patch-management-with-ai,Security,Information
automated-documentation-with-ai,Documentation,Information
ai-powered-project-management-for-it,Project Management,Information
ai-powered-recruitment-for-it,HR,Information
ai-powered-facility-management,Facility,Information
ai-driven-asset-management,Asset,Information
ai-driven-procurement-automation,Procurement,Information
ai-driven-service-desk-automation,Service Desk,Information
ai-driven-customer-support-automation,Support,Information
ai-driven-marketing-automation-for-tech,Marketing,Information
ai-driven-sales-forecasting-for-it,Sales,Information
ai-driven-business-insights-from-it-data,Business,Information
ai-driven-vendor-management,Vendor,Information
ai-driven-contract-analysis,Legal,Information
ai-driven-inventory-management,Inventory,Information
ai-driven-fleet-management,Fleet,Information
ai-driven-resource-allocation,Resource,Information
ai-driven-energy-management-for-data-centers,Energy,Information
ai-driven-waste-management-for-it,Waste,Information
ai-driven-application-performance-management,Monitoring,Information
monitoring-kubernetes-with-aiops,Cloud,Information
monitoring-serverless-with-aiops,Cloud,Information
monitoring-multi-cloud-environments-with-aiops,Cloud,Information
monitoring-public-cloud-with-aiops,Cloud,Information
monitoring-private-cloud-with-aiops,Cloud,Information
monitoring-hybrid-cloud-with-aiops,Cloud,Information
monitoring-edge-computing-with-aiops,Cloud,Information
monitoring-iot-devices-with-aiops,IoT,Information
monitoring-virtual-machines-with-aiops,Cloud,Information
monitoring-containers-with-aiops,Cloud,Information
monitoring-microservices-with-aiops,Microservices,Information
monitoring-api-performance-with-aiops,API,Information
monitoring-database-performance-with-aiops,Database,Information
monitoring-storage-systems-with-aiops,Storage,Information
monitoring-network-latency-with-aiops,Networking,Information
monitoring-user-experience-with-aiops,UX,Information
monitoring-remote-work-infrastructure-with-aiops,Infrastructure,Information
monitoring-legacy-systems-with-aiops,Infrastructure,Information
monitoring-vdi-environments-with-aiops,Infrastructure,Information
workflow-automation-with-aiops,Automation,Information
optimizing-devops-pipeline-with-ai,DevOps,Information
improving-collaboration-with-aiops,Team,Information
improving-team-productivity-with-aiops,Team,Information
improving-operational-efficiency-with-aiops,Operations,Information
improving-customer-experience-with-aiops,UX,Information
improving-business-agility-with-aiops,Business,Information
improving-system-reliability-with-ai,Reliability,Information
improving-uptime-with-aiops,Uptime,Information
improving-data-quality-with-aiops,Data,Information
improving-data-privacy-with-aiops,Privacy,Information
improving-devsecops-with-aiops,Security,Information
improving-software-quality-with-aiops,Quality,Information
aiops-best-practices-2024,Best Practices,Information